3,0,连续打出 12 个拳击每次造成 100 伤害 (7.5 攻击速度) (2.5s 冷却).每4次拳击间隔一次.
3,1,+4 拳击 (16).
3,2,+1 攻击速度 (8.5).
3,3,+100 伤害 (200).
3,4,+4 拳击 (20).
3,5,+1.5 攻击速度 (10).
3,6,+100 伤害 (300).
10,0,受到攻击后 10s 内暴击几率 +20%.
10,1,+10% 暴击几率 (+30%).
10,2,+10% 暴击几率 (+40%).
11,0,+10% 几率在命中后增加移动速度 5s.
11,1,+10% 几率 (20%).
11,2,+10% 几率 (30%).
12,0,增加 100 护盾 (最大 100) (受到攻击后 15s 冷却).
12,1,-5s 冷却 (10s).
12,2,+100 护盾 (最大 200).
14,0,释放一个持续 5s 的区域 在其中获得 +20 攻击力 (10s 冷却).
14,1,+10% 范围 (110%). +20 攻击力 (40).
14,2,+10% 范围 (120%). +40 攻击力 (80).
5,0,发射 3枚 手里剑每枚造成 100 伤害 (2s 冷却).
5,1,+50 伤害 (150).
5,2,-0.5s 冷却 (1.5).
5,3,+2 手里剑 (5).
5,4,+100 伤害 (250).
5,5,-0.5s 冷却 (1.0s).
5,6,+2 手里剑 (7).
6,0,召唤一个分身模仿你的技能 但只造成 20% 伤害.
6,1,+10% 伤害 (30%).
6,2,+20% 伤害 (50%).
7,0,发射 1枚 巨型手里剑 造成 200 伤害 (3.5s 冷却).
7,1,+100 伤害 (300).
7,2,+1 巨型手里剑 (2).
8,0,15% 几率无视伤害并短暂增加移动速度.
8,1,+10% 几率 (25%).
8,2,+10% 几率 (35%).
9,0,+10% 暴击几率.
9,1,+10% 暴击几率 (+20%).
9,2,+10% 暴击几率 (+30%).
16,0,发射 3 注射器使敌人中毒并造成 50 伤害 (1 攻击速度) (2.5s 冷却).
16,1,+50 中毒伤害 (100).
16,2,+50 中毒伤害 (150).
16,3,+50 中毒伤害 (200).
16,4,+50 中毒伤害 (250).
16,5,+50 中毒伤害 (300).
16,6,-1s 冷却 (1.5s).
17,0,+16px 中毒扩散范围 (48px).
17,1,+16px 中毒扩散范围 (64px).
17,2,+16px 中毒扩散范围 (80px).
26,0,生成持续 4s 的毒气区域 在其中获得无敌效果 (15s 冷却).
26,1,+1s 持续时间 (5s).
26,2,+1s 持续时间 (6s).
15,0,召唤 Milo 造成 100 伤害并收集 XP (16px).
15,1,+100 伤害 (200). +16px 拾取范围 (32px).
15,2,+100 伤害 (300). +16px 拾取范围 (48px).
27,0,敌人有 2% 几率 在死亡时掉落一个治疗 30 HP的食物.
27,1,+1% 几率 (3%).
27,2,+1% 几率 (4%).
18,0,扔出一杯咖啡并留下咖啡液 持续造成 20 伤害持续 5s(1.3 攻击速度) (2.5s 冷却).
18,1,+10% 范围 (110%).
18,2,+20 伤害 (40).
18,3,+10% 范围 (120%).
18,4,+10 伤害 (50).
18,5,+20% 范围 (140%).
18,6,+10 伤害 (60).
19,0,咖啡现在可以暴击. +15% 暴击几率.
19,1,+10% 暴击几率 (25%).
19,2,+10% 暴击几率 (35%).
20,0,+10% 移动速度.
20,1,+10% 移动速度 (+20%).
20,2,+10% 移动速度 (+30%).
21,0,在咖啡液上行走 +1 情绪buff (最多 4级)每级buff持续 3s.每级buff减少咖啡 0.25s 冷却.
21,1,+1持续时间 (4s).
21,2,+1持续时间 (5s).
22,0,+0.7 咖啡攻击速度 (2).
22,1,+0.7 咖啡攻击速度 (2.7).
22,2,+0.7 咖啡攻击速度 (3.4).
23,0,发射 1个 龙卷风造成 100 伤害 并停留一段时间造成 50% 伤害 (2.5s 冷却).
23,1,+100 伤害 (200).
23,2,+10% 大小 (110%).
23,3,+1 龙卷风 (2). -0.25s 冷却 (2.25 冷却).
23,4,+100 伤害 (300).
23,5,+10% 大小 (120%).
23,6,+1 龙卷风 (3). -0.25s 冷却 (2.00 冷却).
24,0,释放一个减速敌人的冰霜领域 (2.5s 冷却).
24,1,+10% 范围 (110%).
24,2,+10% 范围 (120%).
25,0,释放一个可以眩晕敌人的区域 (5s 冷却).
25,1,+50 伤害 (50). +20% 范围 (120%). 
25,2,+50 伤害 (100). +20% 范围 (140%). 
37,0,召唤一个能释放治疗 10 HP的区域的仙女 (15s 冷却).
37,1,-5s 冷却 (10s).
37,2,+10 治疗 (20 HP).
2,0,所有物品大小增加 10%.
2,1,+10% 大小 (+20%).
2,2,+10% 大小 (+30%).
0,0,爪击 2次 每次造成 100 伤害 (3 攻击速度) (2s 冷却).
0,1,+50 伤害 (150).
0,2,+1 攻击速度(4).
0,3,+2 爪击次数 (4).
0,4,+50 伤害 (200).
0,5,+2 攻击速度(6).
0,6,+2 爪击次数 (6).
31,0,+50 攻击力.
31,1,+50 攻击力 (100).
31,2,+50 攻击力 (150).
34,0,爪击现在会标记敌人 (最多 2个). 当有标记的敌人死亡时你恢复 10 HP.
34,1,+2 标记 限制 (最多 4).
34,2,+2 标记 限制 (最多 6).
32,0,释放一个区域 其中的敌人受到 10% 额外伤害.
32,1,+10% 伤害 (+20%).
32,2,+10% 伤害 (+30%).
33,0,召唤 Mai Tai 造成 100 伤害并收集 XP.
33,1,+100 伤害 (200). +20% 范围 (120%).
33,2,+100 伤害 (300). +20% 范围 (140%).
4,0,发射 5颗 子弹 造成 100 伤害 (5 攻击速度) (2.5s 冷却).
4,1,+50 伤害 (150).
4,2,+5 子弹 (10).
4,3,+50 伤害 (200).
4,4,+5 子弹 (15).
4,5,+50 伤害 (250).
4,6,+50 伤害 (300).
44,0,子弹可以穿透 +1 敌人 (2x).
44,1,+1 子弹穿透 (3x).
44,2,+1 子弹穿透 (4x).
45,0,+2.5 步枪攻击速度 (7.5).
45,1,+1.0 步枪攻击速度 (8.5).
45,2,+1.5 步枪攻击速度 (10).
46,0,+20% 步枪装填速度.
46,1,+25% 步枪装填速度 (+45%).
46,2,+30% 步枪装填速度 (+75%).
47,0,使用步枪时增加 +20% 移动速度持续 1s.
47,1,+10% 移动速度 (+30%).
47,2,+10% 移动速度 (+40%).
49,0,刺击 3次 每次造成 100 伤害 (2.5s 冷却).
49,1,-0.25s 冷却 (2.25s).
49,2,+2 刺击 (5).
49,3,+50 伤害 (150).
49,4,-0.25s 冷却 (2s).
49,5,+50 伤害 (200).
49,6,+2 刺击 (7).
50,0,恢复 20 HP (20s 冷却).
50,1,+10 治疗量 (30). -2s 冷却 (18s).
50,2,+20 治疗量 (50). -3s 冷却 (15s).
51,0,Furry Swipes 攻击结束时 旋转长矛造成 50 伤害.
51,1,+10% 范围 (110%).
51,2,+50 伤害 (100).
52,0,按下鼠标右键/扳机朝运动方向冲刺 (8s 冷却). 冲刺结束时触发猫之姿态.
52,1,-1s 冷却 (7s).
52,2,-2s 冷却 (5s).
59,0,投掷工具 (1.75s 冷却). 锤子爆炸造成 200 伤害. 螺丝刀击退敌人. 电缆造成 100 伤害. 扳手眩晕.
59,1,锤子: +100 伤害 (300). 电缆: +100 伤害 (200).
59,2,+25% 大小 (125%).
59,3,-0.25s 冷却 (1.5s).
59,4,锤子: +150 伤害 (450). 电缆: +100 伤害 (300).
59,5,+25% 大小 (150%).
59,6,-0.25s 冷却 (1.25s).
60,0,+5% XP.
60,1,+5% XP (+10%).
60,2,+5% XP (+15%).
61,0,增加 +30 攻击力 -40% 移动速度 持续 10s (30s 冷却).
61,1,+10% 期间移动速度 (-30%).
61,2,+10% 移动速度 (-20%).
62,0,出现 3个 工具环绕自己 造成 100 伤害并击退 (6s 冷却).
62,1,+1 工具 (4). +100 伤害 (200). +25% 大小 (125%).
62,2,+1 工具 (5). +100 伤害 (300). +25% 大小 (150%).
63,0,召唤妻子 造成 100 伤害并附加流血效果.
63,1,+10% 攻击体积 (110%). +50 伤害 (150).
63,2,+10% 攻击体积 (120%). +50 伤害 (200).
64,0,斩击造成 100 伤害 (1.5s 冷却). 剑锋命中 100% 暴击几率.
64,1,+50 伤害 (150).
64,2,-0.25s 冷却 (1.25s).
64,3,+50% 暴击伤害 (+50%).
64,4,+50 伤害 (200).
64,5,-0.25s 冷却 (1s).
64,6,+50% 暴击 伤害 (+100%).
65,0,+10% 移动速度. 剑锋的暴击率会 +100% 移动速度持续 0.25s.
65,1,+10% 移动速度 (+20%)
65,2,+10% 移动速度 (+30%)
66,0,+5% 暴击伤害.
66,1,+10% 暴击伤害 (+15%).
66,2,+15% 暴击伤害 (+25%).
67,0,+5% boss伤害.
67,1,+5% boss伤害 (+10%).
67,2,+5% boss伤害 (+15%).
68,0,+1 剑锋挥斩. 剑锋暴击时触发剑锋挥斩. 
68,1,+1 剑锋挥斩 (+2).
68,2,+1 剑锋挥斩 (+3).
69,0,发射 7支 箭矢 每支造成 40 伤害 (2s 冷却).
69,1,+30 伤害 (70).
69,2,-0.5s 冷却 (1.5s).
69,3,+3 箭矢 (10).
69,4,+30 伤害 (100).
69,5,-0.5s 冷却 (1.0s).
69,6,+3 箭矢 (13).
70,0,最后一支箭爆炸并造成 300% 伤害.
70,1,+20% 爆炸范围 (120%).
70,2,+30% 爆炸范围 (150%).
71,0,箭矢现在造成持续 2s 的燃烧效果.
71,1,+2 燃烧持续时间 (4s).
71,2,+2 燃烧持续时间 (6s).
72,0,增加 +40% 移动速度当释放箭雨时.
72,1,+20% 移动速度 (+60%).
72,2,+20% 移动速度 (+80%).
73,0,在最近的敌人处释放一片持续 5s 的箭雨造成 100 伤害(10s 冷却).
73,1,+100 伤害 (200).
73,2,+100 伤害 (300).
104,0,6个 士兵在你的鼠标处聚集 每个造成 20 伤害.
104,1,+2 士兵 (8).
104,2,+2 士兵 (10).
104,3,+2 士兵 (12).
104,4,+2 士兵 (14).
104,5,+2 士兵 (16).
104,6,+4 士兵 (20).
105,0,士兵移动速度提高 20% .
105,1,+20% 士兵移动速度 (140%).
105,2,+10% 士兵移动速度 (150%).
106,0,+20 士兵伤害 (40).
106,1,+20 士兵伤害 (60).
106,2,+20 士兵伤害 (80).
107,0,士兵速度提高持续 2s (10s 冷却).
107,1,+1s 持续时间 (3s).
107,2,+1s 持续时间 (4s).
108,0,当你靠近你的士兵时增加 25 护盾 (最大 100)(1s 冷却).
108,1,+100 最大护盾 (200).
108,2,+100 最大护盾 (300).
79,0,在你的光标处释放一次爆炸 造成 50 燃烧伤害并持续 5s (2s 冷却).
79,1,+50 燃烧伤害 (100).
79,2,+25% 范围 (125%).
79,3,-0.25s 冷却 (1.75s).
79,4,+100 燃烧伤害 (200).
79,5,+25% 范围 (150%).
79,6,-0.25s 冷却 (1.5s).
80,0,在地面上留下石油 可被点燃 对敌人造成 20 燃烧伤害并持续 5s (2.5s 冷却).
80,1,+30 伤害 (50). +20% 大小 (120%).
80,2,+50 伤害 (100). +20% 大小 (140%).
81,0,在地面上放置持续 2s 的火源 (0.25s 冷却). 对敌人造成 20 燃烧伤害并持续 5s
81,1,+30 燃烧伤害 (50)
81,2,+50 燃烧伤害 (100)
82,0,释放一个火环对敌人造成 100 燃烧伤害并持续 5s (7s 冷却).
82,1,+50 伤害 (150). +50% 大小 (150%).
82,2,+50 伤害 (200). -2s 冷却 (5s).
83,0,落下 5颗 流星对敌人造成 100 伤害并持续造成燃烧伤害 5s (7s 冷却).
83,1,+5 meteors (15). +50 伤害 (150).
83,2,+5 meteors (20). +50 伤害 (200).
111,0,扔出 8个 香蕉卷 造成 100 伤害 (2.5s 冷却).
111,1,+100 伤害 (200).
111,2,+25% 大小 (125%).
111,3,-0.5s 冷却 (2s).
111,4,+100 伤害 (300).
111,5,+25% 大小 (150%).
111,6,-0.5s 冷却 (1.5s).
112,0,香蕉卷 现在可以减速敌人持续 1s.
112,1,+1s 减速持续时间 (2s).
112,2,+1s 减速持续时间 (3s).
113,0,受到攻击释放冲击击退敌人.
113,1,+15% 击退距离 (115%).
113,2,+15% 击退距离 (130%).
114,0,+10 防御力.
114,1,+10 防御力 (+20).
114,2,+10 防御力 (+30).
115,0,召唤Richie 造成 100 伤害并收集 XP.
115,1,+100 伤害 (200). +16px 拾取范围 (+32px).
115,2,+100 伤害 (300). +16px 拾取范围 (+48px).
127,0,连续刺击 4次 每次造成 100 伤害 (7.5 攻击速度) (2.5s 冷却).
127,1,+100 伤害 (200).
127,2,-0.25s 冷却 (2.25s).
127,3,+2 刺击次数 (6).
127,4,+100 伤害 (300).
127,5,-0.25s 冷却 (2s).
127,6,+2 刺击次数 (8).
128,0,召唤一个持续 5s 的幻影 5s (8s 冷却). 右键幻影瞬移到幻影位置.
128,1,+1 幻影数量 (2).
128,2,+1 幻影数量 (3).
129,0,使用刺击后 +25% 移动速度持续 0.5s. 释放幻影步后也触发.
129,1,+25% 移动速度 (+50%).
129,2,+25% 移动速度 (+75%).
130,0,+1.5 刺击攻击速度 (8.5).
130,1,+1.5 刺击攻击速度 (10).
130,2,+2 刺击攻击速度 (12).
131,0,释放一连串攻击 每次造成 100 伤害 (6s 冷却). 释放暗影步后也触发.
131,1,+100 伤害 (200).
131,2,+100 伤害 (300).
133,0,投掷 3个 尖利文具 造成 100 伤害并在攻击结束后一起返回 (2 攻击速度) (2s 冷却).
133,1,+100 伤害 (200).
133,2,+20% 暴击几率 (20%).
133,3,+2 尖利文具 (5).
133,4,+100 伤害 (300).
133,5,+20% 暴击几率 (40%).
133,6,+2 尖利文具 (7).
134,0,尖利文具在返回时眩晕敌人持续 1s.
134,1,+1s 眩晕持续时间 (2s).
134,2,+1s 眩晕持续时间 (3s).
135,0,使用尖利文具后 +25% 移动速度持续 0.5s.
135,1,+0.25s持续时间 (0.75s).
135,2,+0.25s持续时间 (1s).
136,0,召唤Ragi 咬敌人并有 1% 几率治疗 30 HP.
136,1,+1% 几率 (2%).
136,2,+1% 几率 (3%).
137,0,+0.4 尖利文具攻击速度 (2.4).
137,1,+0.6 尖利文具攻击速度 (3).
137,2,+3 尖利文具攻击速度 (6).
138,0,生成 6把 飞剑 每把剑造成 50 伤害 攻击时向光标位置飞行 (2s 冷却).
138,1,+50 伤害 (100).
138,2,+15% 暴击几率 (15%).
138,3,+2 飞剑 (8).
138,4,+100 伤害 (200).
138,5,+15% 暴击几率 (30%).
138,6,+2 飞剑 (10).
139,0,+10% 暴击几率.
139,1,+10% 暴击几率 (+20%).
139,2,+10% 暴击几率 (+30%).
140,0,飞剑造成 5次 暴击后赋予 +25% 移动速度持续 1s.
140,1,+25% 移动速度 (+50%).
140,2,+25% 移动速度 (+75%).
141,0,飞剑现在会标记目标. 飞剑对标记的目标造成 +50% 额外伤害.
141,1,+10% 伤害 (+60%).
141,2,+10% 伤害 (+70%).
142,0,生成 1把 飞剑 自动瞄准 造成 100 伤害.
142,1,+2 飞剑 (3). +100 伤害 (200).
142,2,+2 飞剑 (5). +100 伤害 (300).
144,0,投掷一个足球 造成 100 伤害.
144,1,+100 伤害 (200).
144,2,+10% 大小 (110%).
144,3,+100 伤害 (300).
144,4,+10% 大小 (120%).
144,5,+100 伤害 (400).
144,6,+10% 大小 (130%).
145,0,收回足球后一段时间 +25% 移动速度.
145,1,+25% 移动速度 (+50%).
145,2,+25% 移动速度 (+75%).
146,0,收回足球后获得持续 2s 的无敌状态并冲撞 1s 造成足球伤害的 100% 伤害.
146,1,+0.5s 无敌持续时间 (2.5s). 0.5s 冲撞持续时间 (1.5s).
146,2,+0.5s 无敌持续时间 (3s). 0.5s 冲撞持续时间 (2s).
147,0,足球命中后召唤 1名 前锋造成足球伤害 100% 伤害并击退敌人敌人.
147,1,+1 前锋 (2).
147,2,+1 前锋 (3).
148,0,召唤 Dior 收集 XP.
148,1,+10% 移动速度.
148,2,+10% 移动速度.
158,0,发射 12颗 子弹 造成 100 伤害并反弹 2次 (2x) 反弹角度最大 45度 (2 攻击速度) (2.5s 冷却).
158,1,+100 伤害 (200).
158,2,+1 攻击速度 (3).
158,3,+2 反弹次数 (4x).
158,4,+100 伤害 (300).
158,5,-0.75s 冷却 (2.5s).
158,6,+2 反弹次数 (6x).
159,0,+15 最大反弹角度 (+15 degrees).
159,1,+15 最大反弹角度 (+30 degrees).
159,2,+15 最大反弹角度 (+45 degrees).
160,0,使用完所有子弹后扔出一颗闪光弹 造成眩晕持续 0.5s 和减速 1.75s.
160,1,+0.25s 眩晕持续时间 (0.75s). +0.25s 减速持续时间 (2s).
160,2,+0.25s 眩晕持续时间 (1s). +0.25s 减速持续时间 (2.25s).
161,0,用完所有子弹后 +25% 移动速度持续 0.5s.
161,1,+25% 移动速度 (+50%).
161,2,+25% 移动速度 (+75%).
162,0,在你用完所有子弹后释放枪弹雨林持续 0.4s.
162,1,+0.4s持续时间 (0.8s)
162,2,+0.4s持续时间 (1.2s).
168,0,在面前撕咬 1次 造成 100 伤害 (2.5s 冷却).
168,1,+1 撕咬 (2).
168,2,-0.25s 冷却 (2.25s).
168,3,+100 伤害 (200).
168,4,+2 撕咬 (4).
168,5,-0.25s 冷却 (2.00s).
168,6,+100 伤害 (300).
169,0,生成 3只 bat攻击附近的敌人 造成 100 伤害 (2s 冷却).
169,1,+3 bat (6).
169,2,+3 bat (9).
170,0,无伤 10s 获得 1个 抵消所有伤害的血之屏障(最大 1) (10s 冷却).
170,1,+1 血之屏障上限 (最大 2).
170,2,+1 血之屏障上限 (最大 3).
171,0,如果击中至少一个敌人 将治疗伤害值的 1%.
171,1,+2% 治疗量 (3%).
171,2,+2% 治疗1 (5%).
172,0,右键在bat形态和人形态之间转换 (bat形态: +25% 移动速度 / 撕咬增加 +20% 范围和 +200 伤害).
172,1,+25% 移动速度 (50%) 和 +15% 范围 (135%).
172,2,+25% 移动速度 (75%) 和 +15% 范围 (150%).
173,0,钻头造成 20 伤害 (2s 冷却).
173,1,+20 伤害 (40).
173,2,+5 攻击次数 (20).
173,3,-0.25s 冷却 (1.75s).
173,4,+20 伤害 (60).
173,5,+5 攻击次数 (25).
173,6,-0.25s 冷却 (1.5s).
174,0,使用钻头 5 次后短暂 +20 攻击力 和 +10% 攻速.
174,1,+20 攻击力 (+40). +10% 攻速 (+20%).
174,2,+20 攻击力 (+60). +10% 攻速 (+30%).
175,0,发射 8枚 火箭 造成 50 伤害 (5s 冷却).
175,1,+8 火箭 (16).
175,2,+8 火箭 (24).
176,0,沿着相同方向移动积攒推力. 在最大推力时增加移动速度 改变方向时失去推力.
176,1,增加推力速度.
176,2,增加推力速度.
177,0,生成多个投射物的通用武器额外生成 18% 的投射物.
177,1,+6% 投射物数量 (24%).
177,2,+9% 投射物数量 (33%).
178,0,连续涂色 2次 造成 100 伤害 (3.3 攻击速度) (2s 冷却).
178,1,-0.5s 冷却 (1.5s).
178,2,+100 伤害 (200).
178,3,+2 涂色次数 (4).
178,4,-0.5s 冷却 (1s).
178,5,+100 伤害 (300).
178,6,+2 涂色次数 (6).
179,0,颜料获得效果并解锁绿色. 红色燃烧. 黄色眩晕. 蓝色减速. 绿色治疗.
179,1,解锁紫色. 紫色中毒.
179,2,解锁白色. 白色暴击.
180,0,+0.4 笔刷攻击速度 (3.7)
180,1,+0.6 笔刷攻击速度 (4.3).
180,2,+0.8 笔刷攻击速度 (5.1).
181,0,在颜料上移动时 +10% 移动速度.
181,1,+2.5% 移动速度 (+12.5%).
181,2,+2.5% 移动速度 (+15%).
182,0,在颜料上移动时 +10 防御力.
182,1,+10 防御力 (+20).
182,2,+10 防御力 (+30).
183,0,挥舞你的剑 2次 每次造成 100 伤害 (2.25s 冷却).
183,1,+100 伤害 (200).
183,2,+1 挥舞次数 (3).
183,3,-0.25s 冷却 (2s).
183,4,+100 伤害 (300).
183,5,+1 挥舞次数 (4).
183,6,-0.25s 冷却 (1.75s).
184,0,挥剑发射一道剑气 造成挥剑伤害 30% 的伤害.
184,1,+10% 伤害 (40%).
184,2,+10% 伤害 (50%).
185,0,在挥剑后冲刺.
185,1,更快的冲刺.
185,2,更快的冲刺.
186,0,+150 最大HP.
186,1,+150 最大HP (+300).
186,2,+150 最大HP (+450).
187,0,召唤Boomer 造成 100 伤害并收集 XP.
187,1,+100 伤害 (200). +16px 拾取范围 (+32px).
187,2,+100 伤害 (300). +16px 拾取范围 (+48px).
190,0,抛出一个浮标推动敌人并造成 100 伤害 (1s 冷却).
190,1,+100 伤害 (200).
190,2,+10% 范围 (110%).
190,3,-0.25s 冷却 (0.75s).
190,4,+100 伤害 (300)
190,5,+10% 范围 (120%).
190,6,-0.5s 冷却 (0.5s).
191,0,+100 浮标伤害.
191,1,+100 浮标伤害 (+200).
191,2,+100 浮标伤害 (+300).
192,0,+10% 浮标范围 (+10%).
192,1,+10% 浮标范围 (+20%).
192,2,+10% 浮标范围 (+30%).
193,0,生成 1个 持续 10s 的鱼 使用浮标捕捉 并生成治疗 50 HP的虾 (15s 冷却).
193,1,现在可以捕捉到治疗 70 HP的河鱼.
193,2,现在可以捕捉到治疗 100 HP的海鱼.
194,0,+30px 浮标投掷距离.
194,1,+30px 浮标投掷距离 (+60px).
194,2,+30px 浮标投掷距离 (+90px).
201,0,发射 3个 能量冲击波 造成 100 伤害 且爆炸对附近的敌人 造成 50% 伤害 (8.5 攻击速度) (1.8s 冷却).
201,1,+50 伤害 (150).
201,2,+1.5 攻击速度 (10).
201,3,-0.2s 冷却 (1.6).
201,4,+50 伤害 (200).
201,5,+2 攻击速度 (12).
201,6,-0.2s 冷却 (1.4).
202,0,定期获得 1个 传送点.右键/触发时短距离传送 (最多1) (10s 冷却).
202,1,+2 最大数量 (3).
202,2,+2 最大数量 (5).
203,0,附近的敌人减速 30%.
203,1,+40% 范围 (140%).
203,2,+40% 范围 (180%).
204,0,+5% 攻速.
204,1,+5% 攻速 (+10%).
204,2,+10% 攻速 (+20%).
205,0,20% 闪避几率 免疫伤害.
205,1,+10% 闪避几率 (30%).
205,2,+10% 闪避几率 (40%).
206,0,挥动球棒造成 100 伤害 并击退敌人 (3s 冷却). 不受通用物品的攻速影响.
206,1,-0.5s 冷却 (2.5s).
206,2,+20% 击退距离 (120%).
206,3,+100 伤害 (200).
206,4,-0.5s 冷却 (2.0s).
206,5,+20% 击退距离 (140%).
206,6,+200 伤害 (400).
207,0,受到攻击使主攻击恢复冷却并赋予其 +100% 攻速持续 4s.
207,1,+2s持续时间 (6s).
207,2,+2s持续时间 (8s).
208,0,敌人现在有 30% 几率掉落现金. 每层现金最多可以吸收 10 伤害 (最大 5).
208,1,+5 最大现金(10).
208,2,+5 最大现金(15).
209,0,主攻击现在附加可叠加钉子效果. 每层钉子效果造成 +30% 伤害.
209,1,+10% 钉子效果伤害 (+40%).
209,2,+10% 钉子效果伤害 (+50%).
210,0,+2.5% 移动速度.
210,1,+2.5% 移动速度 (+5%).
210,2,+2.5% 移动速度 (+7.5%).
213,0,发射 3个 水球浇灌并造成 100 伤害.
213,1,+25% 浇灌范围 (125%).
213,2,+1 水球 (4).
213,3,+50 伤害 (150).
213,4,+25% 浇灌范围 (150%).
213,5,+1 水球 (5).
213,6,+50 伤害 (200).
214,0,在你周围发射 7个 水球 (7s 冷却).
214,1,+7 水球 (14).
214,2,+7 水球 (21).
215,0,敌人死亡时有 20% 几率种植一株幼苗. 浇灌后开花并对附近敌人造成伤害.
215,1,+15% 种植几率(35%).
215,2,+15% 种植几率(50%).
216,0,种植一棵 20s 后成为水果的种子 水果治疗 30 HP (10s 冷却). 水球可以加速其生长.
216,1,水果治疗量 +10 HP (40).
216,2,水果治疗量 +10 HP (50).
217,0,召唤 Haku 造成 100 伤害和收集 XP (16px).
217,1,+100 伤害 (200). +16px 拾取范围 (32px).
217,2,+100 伤害 (300). +16px 拾取范围 (48px).
222,0,发射 4 支穿透箭矢造成 100 伤害(3s 冷却).
222,1,+50 伤害 (150).
222,2,-0.25s 冷却.
222,3,+1 穿透箭矢 (5).
222,4,+100 伤害 (250).
222,5,-0.25s 冷却 (2.5s).
222,6,+2 穿透箭矢 (7).
223,0,十字弓现在在开始攻击前发射 3 支穿透箭矢.
223,1,+2 穿透箭矢 (5).
223,2,+2 穿透箭矢 (7).
224,0,投掷 3 个装有圣水的瓶子 炸裂后造成 100 伤害 (7s 冷却).
224,1,+100 伤害 (200).
224,2,+200 伤害 (400).
225,0,十字弓: +10% 暴击几率.
225,1,十字弓: +10% 暴击几率 (+20%).
225,2,十字弓: +10% 暴击几率 (+30%).
226,0,右键/触发后向移动方向冲刺 (5s 冷却).
226,1,-1s 冷却 (4s).
226,2,-1s 冷却 (3s).
218,0,击杀敌人 +1% 几率增加 50 护盾(最大 200).
218,1,+1% 几率 (+2%).
218,2,+1% 几率 (+3%).
218,3,+1% 几率 (+4%).
218,4,+1% 几率 (+5%).
54,0,发射 1罐 汽水在命中后对一个扇形区域造成 100 伤害 (4s 冷却).
54,1,+25% 范围 (125%).
54,2,+100 伤害 (200).
54,3,+1 汽水数量 (2).
54,4,+25% 范围 (150%).
54,5,+100 伤害 (300).
54,6,+2 汽水数量 (4).
1,0,在你周围环绕 3本 漫画持续 3s 每本造成 50 伤害(9s 冷却).
1,1,+2 漫画 (5).
1,2,-1s 冷却 (8s).
1,3,+50 伤害 (100).
1,4,+2 漫画 (7).
1,5,-2s 冷却 (7s).
1,6,+100 伤害 (200).
29,0,发射 3张 卡片 造成 100 伤害 并有 +50% 暴击几率 (5s 冷却).
29,1,+100 伤害 (200).
29,2,+1 穿透次数 (2x).
29,3,+100 伤害 (300).
29,4,+2 卡片 (5).
29,5,-1s 冷却 (4s).
29,6,+1 穿透次数 (3x).
13,0,发射 1枚 导弹 造成 100 伤害 (5s 冷却).
13,1,+1 导弹 (2).
13,2,+100 伤害 (200).
13,3,+7 穿透 (10).
13,4,+2 导弹 (4).
13,5,+200 伤害 (400).
13,6,+2 导弹 (6).
28,0,发射一个悠悠球 造成 200 伤害 (5s 冷却).
28,1,+50% 大小 (150%).
28,2,+1 旋转次数 (3).
28,3,+100 伤害 (300).
28,4,+1 旋转次数 (4).
28,5,+50% 大小 (200%).
28,6,+1 旋转次数 (5).
30,0,放置 1个 地雷 在触发时爆炸并造成 200 伤害 (5s 冷却).
30,1,+1 地雷 (2).
30,2,+25% 大小 (125%).
30,3,+200 伤害 (400).
30,4,+1 地雷 (3).
30,5,+25% 大小 (150%).
30,6,+200 伤害 (600).
35,0,投掷一个篮球造成 200 伤害. 捡起后可以再次投掷 (2x) (5s 冷却).
35,1,+50% 大小 (150%).
35,2,+2 捡起次数 (4x).
35,3,+100 伤害 (300).
35,4,+2 捡起次数 (6x).
35,5,+50% 大小 (200%).
35,6,+300 伤害 (600).
58,0,挥动棒球棒 造成 400 点伤害并击退敌人 (6s 冷却).
58,1,+200 伤害 (600).
58,2,+50% 大小 (150%).
58,3,+200 伤害 (800).
58,4,+50% 击退距离 (150%).
58,5,+200 伤害 (1000).
58,6,-1s 冷却 (5s).
84,0,发射一张照片 对一片扇形区域造成 150 伤害并眩晕持续 0.5s (7s 冷却).
84,1,+150 伤害 (300).
84,2,+50% 大小 (150%).
84,3,+0.5s 眩晕持续时间 (1.0s).
84,4,+300 伤害 (600).
84,5,+50% 大小 (200%).
84,6,+1s 眩晕持续时间 (2s).
94,0,掉落 5滴 烧酒造成 200 伤害 (7s 冷却).
94,1,+5 烧酒 (10).
94,2,+100 伤害 (300).
94,3,-2s 冷却 (5s).
94,4,+25% 大小 (125%).
94,5,+100 伤害 (400).
94,6,+10 烧酒 (20). +25% 大小 (150%).
95,0,发射 1个 星星 飞行的距离越远造成伤害越高 (8s 冷却).
95,1,+1 星星 (2).
95,2,+100% 伤害 (200%).
95,3,-2s 冷却 (6s).
95,4,+100% 伤害 (300%).
95,5,+1 星星 (3).
95,6,-2s 冷却 (4s).
96,0,发射 4个 追踪音符造成 100 伤害 (4s 冷却).
96,1,+100 伤害 (200).
96,2,+2 音符 (6).
96,3,-1s 冷却 (3s).
96,4,+200 伤害 (400).
96,5,-1s 冷却 (2s).
96,6,+2 音符 (8).
97,0,连续拳击 4次 每次造成 100 伤害 (6 攻击速度) (6s 冷却).
97,1,+4 拳击 (8).
97,2,+1.5 攻击速度 (7.5).
97,3,+100 伤害 (200).
97,4,+8 拳击 (16).
97,5,+2.5 攻击速度 (10).
97,6,+100 伤害 (300).
98,0,发射 8枚 追踪火箭 每枚造成 100 伤害 (7.5 攻击速度) (5s 冷却).
98,1,+8 火箭 (16).
98,2,+1 攻击速度 (8.5).
98,3,+100 伤害 (200).
98,4,+8 火箭 (24).
98,5,+1.5 攻击速度 (10).
98,6,+100 伤害 (300).
116,0,连续刺击 5次 每次造成 100 伤害并有额外 50% 暴击几率 (7.5 攻击速度) (6s 冷却).
116,1,+2 刺击 (7).
116,2,+2.5 攻击速度 (10).
116,3,+50 伤害 (150).
116,4,+2 刺击 (9).
116,5,+5 攻击速度 (15).
116,6,+50 伤害 (200).
117,0,发射 10个 追踪音符造成 100 伤害 (6 攻击速度) (5s 冷却).
117,1,+100 伤害 (200).
117,2,+5 音符 (15).
117,3,+0.75 攻击速度 (6.75).
117,4,+200 伤害 (400).
117,5,+0.75 攻击速度 (7.5).
117,6,+5 音符 (20).
118,0,发射 8个 花瓣 造成 100 伤害并返回(6s 冷却).返回时有额外 +20% 暴击几率.
118,1,+50 伤害 (150).
118,2,+4 花瓣 (12).
118,3,+10% 返回时暴击几率 (30%).
118,4,+50 伤害 (200).
118,5,+4 花瓣 (16).
118,6,+10% 返回时暴击几率 (40%).
124,0,发射 5个 雪球 造成 100 伤害 (2.4 攻击速度) (4s 冷却).
124,1,+5 雪球 (10).
124,2,+100 伤害 (200).
124,3,+0.6 攻击速度 (3).
124,4,+10 雪球 (20).
124,5,+200 伤害 (400).
124,6,-2s 冷却 (2s).
126,0,投掷辣酱形成一个热辣区域每秒造成 70 伤害 持续 4s (8s 冷却).
126,1,+20% 大小 (120%).
126,2,+70 伤害 (140).
126,3,-2s 冷却 (6s).
126,4,+20% 大小 (140%).
126,5,+70 伤害 (210).
126,6,-2s 冷却 (4s).
149,0,放置一个积木 造成 50 伤害持续 2s (0.3s 冷却).
149,1,+50 伤害 (100).
149,2,+1s持续时间 (3s).
149,3,+100 伤害 (200).
149,4,+2s持续时间 (5s).
149,5,+100 伤害 (300).
149,6,+2s持续时间 (7s).
189,0,使用一把随机的 1级 武器 (6s 冷却).
189,1,+1 等级 (2).
189,2,+1 等级 (3).
189,3,+1 等级 (4).
189,4,+1 等级 (5).
189,5,+1 等级 (6).
189,6,+1 等级 (7).
197,0,发射致密物质 持续吸引敌人 1s 后爆炸 范围内每个敌人造成 100 伤害 (8s 冷却).
197,1,+20% 范围 (120%).
197,2,+50% 速度 (150%).
197,3,+1s持续时间 (2s).
197,4,+20% 范围 (140%).
197,5,+50% 速度 (200%).
197,6,+1s持续时间 (3s).
199,0,挥舞一把割刀造成 100 伤害并有 +25% 暴击几率 (8s 冷却).
199,1,+100 伤害 (200).
199,2,5% 几率在命中时恢复 10 HP.
199,3,-0.5s 冷却 (7.5s).
199,4,+100 伤害 (300).
199,5,+5% 几率在命中时恢复 10 HP (+10%).
199,6,-1.5s 冷却 (6s).
200,0,释放一个持续 4s 的灵魂之刃 周期性造成 30 伤害 (8s 冷却).
200,1,+20 伤害 (50).
200,2,+10% 范围 (110%).
200,3,-0.5s 冷却 (7.5s).
200,4,+20 伤害 (70).
200,5,+10% 范围 (120%).
200,6,-1.5s 冷却 (6s).
211,0,水平斩击造成 200 伤害并有 10% 斩杀几率 (10s 冷却).
211,1,+10% 大小 (110%).
211,2,-1s 冷却 (9s).
211,3,+100 伤害 (300).
211,4,+15% 大小 (125%).
211,5,-2s 冷却 (7s).
211,6,+200 伤害 (500).
212,0,召唤一个雷霆之刃攻击最近的敌人 脉冲三次 每次造成 100 伤害 (8s 冷却).
212,1,-1s 冷却 (7s).
212,2,+1 脉冲 (4).
212,3,+50 伤害 (150).
212,4,-1s 冷却 (6s).
212,5,+1 脉冲 (5).
212,6,+50 伤害 (200).
40,0,+10% 伤害. -10 防御力.
40,1,+10% 伤害 (20%). -10 防御力 (-20).
40,2,+10% 伤害 (30%). -10 防御力 (-30).
40,3,+10% 伤害 (40%). -10 防御力 (-40).
40,4,+10% 伤害 (50%). -10 防御力 (-50).
41,0,+10% 暴击伤害.
41,1,+10% 暴击伤害 (+20%).
41,2,+10% 暴击伤害 (+30%).
41,3,+10% 暴击伤害 (+40%).
41,4,+10% 暴击伤害 (+50%).
42,0,+20 攻击力. -50% 暴击伤害.
42,1,+20 攻击力 (+40).
42,2,+20 攻击力 (+60).
42,3,+20 攻击力 (+80).
42,4,+20 攻击力 (+100).
55,0,+5% 暴击几率.
55,1,+5% 暴击几率 (+10%).
55,2,+5% 暴击几率 (+15%).
55,3,+5% 暴击几率 (+20%).
55,4,+5% 暴击几率 (+25%).
38,0,+1% 几率击杀敌人时恢复 30 HP.
38,1,+1% 几率 (+2%).
38,2,+1% 几率 (+3%).
38,3,+1% 几率 (+4%).
38,4,+1% 几率 (+5%).
48,0,+100 最大 HP.
48,1,+100 最大 HP (+200).
48,2,+100 最大 HP (+300).
48,3,+100 最大 HP (+400).
48,4,+100 最大 HP (+500).
57,0,恢复 2% HP (10s 冷却).
57,1,-1s 冷却 (9s).
57,2,-1s 冷却 (8s).
57,3,-1s 冷却 (7s).
57,4,-1s 冷却 (6s).
43,0,+5% 移动速度.
43,1,+2.5% 移动速度 (+7.5%).
43,2,+2.5% 移动速度 (+10%).
43,3,+2.5% 移动速度 (+12.5%).
43,4,+2.5% 移动速度 (+15%).
53,0,+16px 拾取范围.
53,1,+16px 拾取范围 (+32px).
53,2,+16px 拾取范围 (+48px).
53,3,+16px 拾取范围 (+64px).
53,4,+16px 拾取范围 (+80px).
56,0,+8% 攻速. -1.5% 移动速度.
56,1,+8% 攻速 (+16%). -1.5% 移动速度 (-3%).
56,2,+8% 攻速 (+24%). -1.5% 移动速度 (-4.5%).
56,3,+8% 攻速 (+32%). -1.5% 移动速度 (-6%).
56,4,+8% 攻速 (+40%). -1.5% 移动速度 (-7.5%).
39,0,+10% XP. 在 10mins 后消耗 消耗获得 +2% 伤害并恢复 20% HP.
39,1,+10% XP (+20%). 消耗: +2% 伤害 (+4%) 和 +20% HP (40%).
39,2,+10% XP (+30%). 消耗: +2% 伤害 (+6%) 和 +20% HP (60%).
39,3,+10% XP (+40%). 消耗: +2% 伤害 (+8%) 和 +20% HP (80%).
39,4,+10% XP (+50%). 消耗: +2% 伤害 (+10%) 和 +20% HP (100%).
91,0,+4 防御力.无伤 20s 获得一个抵挡所有伤害的屏障.
91,1,+4 防御力 (8).
91,2,+4 防御力 (12).
91,3,+4 防御力 (16).
91,4,+4 防御力 (20).
91,0,每无伤 10s 增加 50 护盾 (最大 200) (5s 冷却).
91,1,-1s 冷却 (4s).
91,2,-1s 冷却 (3s).
91,3,-1s 冷却 (2s).
91,4,-1s 冷却 (1s).
93,0,召唤一个雪人吸引敌人的注意 (20s 冷却).
93,1,雪人 +100 HP (300).
93,2,-5s 冷却 (15s).
93,3,雪人 +100 HP (400).
93,4,-5s 冷却 (10s).
36,0,释放一个震荡波击退敌人 (6s 冷却).
36,1,+10% 范围 (110%).
36,2,-0.5s 冷却 (5.5s).
36,3,+10% 范围 (120%).
36,4,-0.5s 冷却 (5.0s).
109,0,种下一个 20s 后长成作物的种子 作物恢复 30 HP (20s 冷却).
109,1,-5s 生长时间 (15s).
109,2,作物恢复 +20 HP (50).
109,3,-5s 生长时间 (10s).
109,4,作物恢复 +20 HP (70).
110,0,+10% 子弹大小.
110,1,+5% 子弹大小 (+15%).
110,2,+5% 子弹大小 (+20%).
110,3,+5% 子弹大小 (+25%).
110,4,+5% 子弹大小 (+30%).
157,0,+2% 击杀敌人时Mobmania金币掉落几率.
157,1,+2% 几率 (+4%).
157,2,+2% 几率 (+6%).
157,3,+2% 几率 (+8%).
157,4,+2% 几率 (+10%).
188,0,一个岩石宠物 它不能为你做更多.
188,1,它对你的喜爱稍微增加了一点.
188,2,它对你的喜爱稍微增加了一点.
188,3,它对你的喜爱稍微增加了一点.
188,4,它对你的喜爱稍微增加了一点.
221,0,会释放多个投射物的通用武器现在会额外释放 18% 的投射物. 你不再能暴击.
221,1,+6% 投射物数量 (24%).
221,2,+9% 投射物数量 (33%).
221,3,+12% 投射物数量 (48%).
221,4,+15% 投射物数量 (60%).
227,0,每移动一段距离造成 100 伤害.
233,0,掉落1个西瓜 造成 100 伤害并掉落 1-8 西瓜片 每片西瓜治疗 5 HP (8s 冷却).
233,1,+100 伤害 (200).
233,2,+25% 大小 (125%).
233,3,-0.5s 冷却 (7.5s).
233,4,+100 伤害 (300).
233,5,+25% 大小 (150%).
233,6,-0.5s 冷却 (7s).
234,0,???.
234,1,???.
234,2,???.
234,3,???.
234,4,???.
234,5,???.
234,6,???.
228,0,对范围内的敌人交替造成1和2拍的 100 伤害 (2.75s 冷却).
228,1,+25% 范围 (125%).
228,2,+2 拍 (2 和 3).
228,3,+100 伤害 (200).
228,4,+25% 范围 (150%).
228,5,+2 拍 (3 和 4).
228,6,+100 伤害 (300).
229,0,歌唱 -0.25s 冷却 (2.5s).
229,1,-0.25s 冷却 (2.25s).
229,2,-0.25s 冷却 (2s).
230,0,生成一个聚光灯区域 在其中增加 +5% 减伤持续 12s (20s 冷却).
230,1,+10% 减伤 (15%).
230,2,+10% 减伤 (25%).
231,0,右键切换歌单 +10% 伤害/+2.5% 移动速度/+20 HP再生.
231,1,+10% 伤害/+2.5% 移动速度/+10 HP再生 (20%/5%/30).
231,2,+10% 伤害/+2.5% 移动速度/+10 HP再生 (30%/7.5%/40).
232,0,生成 1 个保镖击退附近的敌人 (0.5s 冷却).
232,1,+1 保镖 (2).
232,2,+1 保镖 (3).
236,0,挥舞你的剑 每次造成 100 伤害 (2.5s 冷却).
236,1,+2% 斩杀几率.
236,2,-0.25s 冷却 (2.25s).
236,3,+100 伤害 (200).
236,4,+3% 斩杀几率 (5%).
236,5,-0.25s 冷却 (2s).
236,6,+200 伤害 (400).
237,0,+10 防御力.
237,1,+10 防御力 (+20).
237,2,+10 防御力 (+30).
238,0,定期对附近的敌人造成 100 伤害(2.4 攻击速度) (10s 冷却).
238,1,+50 伤害 (150).
238,2,+50 伤害 (200).
239,0,+100 最大HP. 治疗 20 HP (20s 冷却).
239,1,+100 最大HP (+200). +10 治疗量 (30). -2s 冷却 (18s).
239,2,+100 最大HP (+300). +20 治疗量 (50). -3s 冷却 (15s).
240,0,释放三束光芒 每次攻击一个敌人 造成基于主武器的伤害 (8s 冷却).
240,1,+3 光束(6).
240,2,+3 光束(9).
219,0,最大HP超过1000的部分每 100 增加 +1% 伤害.
219,1,+1% 伤害 (+2%).
219,2,+1% 伤害 (+3%).
219,3,+1% 伤害 (+4%).
219,4,+1% 伤害 (+5%).
241,0,暴击几率 也增加 子弹大小(最大 10%).
241,1,+10 最大加成(20%).
241,2,+10 最大加成(30%).
241,3,+10 最大加成(40%).
241,4,+10 最大加成(50%).
242,0,对生命值最高的敌人释放魔法爆炸造成 100 伤害 (8s 冷却).
242,1,你每有1级额外造成 5 伤害.
242,2,-1s 冷却 (7s).
242,3,+100 伤害 (200).
242,4,+5 伤害每级 (10).
242,5,-2s 冷却 (5s).
242,6,+200 伤害 (400).
235,0,释放邪恶之眼对眼前敌人造成 40 燃烧伤害持续 5秒 (12s 冷却).
235,1,+10% 范围 (110%).
235,2,-1s 冷却 (11s).
235,3,+40 伤害 (80).
235,4,+10% 范围 (120%).
235,5,-1s 冷却 (10s).
235,6,+40 伤害 (120).
248,0,刺击 4次 每次造成 150 伤害 (4.25 攻击速度) (3.5s 冷却).
248,1,+0.75 攻击速度 (5).
248,2,+2 刺击 (6).
248,3,+50 伤害 (200).
248,4,+1 攻击速度 (6).
248,5,+2 刺击 (8).
248,6,+50 伤害 (250).
249,0,敌人有几率掉落盘子 每个盘子赋予一层盘子堆叠 (最大 50). 每层增加 +0.1% 攻速. 被击中时失去 50% 层数.
249,1,+25 最大盘子堆叠 (75).
249,2,+25 最大盘子堆叠 (100).
250,0,释放一个旋转的海绵 对周围的敌人造成主武器伤害 并消除危险地形 (5s 冷却).
250,1,+1 旋转次数 (2).
250,2,+1 旋转次数 (3).
251,0,右键扔出布丁治疗自身 获得速度提升 并移除负面状态效果(12s 冷却).
251,1,-2s 冷却 (10s).
251,2,-3s 冷却 (7s).
252,0,被击中的5秒内避免伤害可以缓慢恢复失去的生命值 HP.
252,1,增加HP恢复速度.
252,2,增加HP恢复速度.
253,0,劈砍两次每次造成100伤害(2.5s 冷却).
253,1,+50 伤害 (150).
253,2,+2 劈砍次数 (4).
253,3,-0.25s 冷却 (2.25s).
253,4,+1 攻击速度 (6).
253,5,+2 劈砍次数 (6).
253,6,-0.25s 冷却 (2s).
254,0,召唤一个模仿你技能的镜像 造成 20% 伤害.
254,1,+10% 伤害 (30%).
254,2,+20% 伤害 (50%).
255,0,30s内没有受到伤害时进入笼罩状态. +5% 暴击几率. +2% 移动速度. 笼罩时双倍加成
255,1,+5% 暴击几率 (+10%). +2% 移动速度 (+4%).
255,2,+10% 暴击几率 (+20%). +2% 移动速度 (+6%).
256,0,右键/触发向光标冲刺造成 100 伤害并眩晕持续 1s (3s 冷却).
256,1,+100 伤害 (200).
256,2,+100 伤害 (300).
257,0,造成伤害时掉落烟幕持续 4s 并隐身 (30s 冷却).
257,1,+1s 持续时间 (5s).
257,2,+1s 持续时间 (6s).
258,0,在一个扇形区域内扫射子弹持续造成 80 伤害 持续 3s (4 攻击速度) (9s 冷却).
258,1,+40 伤害 (120).
258,2,-0.5s 冷却 (8.5s).
258,3,+0.5s 持续时间 (3.5s).
258,4,+40 伤害 (160).
258,5,-0.5s 冷却 (8s).
258,6,+0.5s 持续时间 (4s).
259,0,创造一个持续 5s 的暴风雪区域持续造成 50 伤害并有 5% 冰冻几率 (7s 冷却).
259,1,+10% 冰冻几率 (15%).
259,2,-0.5s 冷却 (6.5s).
259,3,+25 伤害 (75).
259,4,+10% 冰冻几率 (20%).
259,5,-0.5s 冷却 (6s).
259,6,+25 伤害 (100).
260,0,创造一个环绕自身持续 5s 的寒意持续造成 50 伤害 (8s 冷却).
260,1,+10% 每一击冰冻几率 (10%).
260,2,-1s 冷却 (7s).
261,0,+0.5s 暴风雪和寒意 冰冻持续时间 (1.5s).
261,1,+0.5s 暴风雪和寒意 冰冻持续时间 (2s).
261,2,+0.5s 暴风雪和寒意 冰冻持续时间 (2.5s).
262,0,被冰冻的敌人受到来自暴风雪和寒意的伤害增加 50% (150%).
262,1,+50% 冰冻敌人受到暴风雪和寒意的伤害 (200%).
262,2,+100% 冰冻敌人受到暴风雪和寒意的伤害 (300%).
263,0,+5% 暴风雪和寒意 冰冻几率 (+5%).
263,1,+5% 暴风雪和寒意 冰冻几率 (+10%).
263,2,+5% 暴风雪和寒意 冰冻几率 (+15%).
264,0,发射 3 颗子弹造成 300 伤害. 在适当的时机右键/触发减少装弹时间. (4s 冷却).
264,1,+0.1 攻击速度 (0.6).
264,2,+1 子弹 (4).
264,3,+100 伤害 (400).
264,4,+0.15 攻击速度 (0.75).
264,5,+1 子弹 (5).
264,6,+100 伤害 (500).
265,0,增加 100% 动力重载 的成功范围.
265,1,+50% 动力重载 的成功范围 (150%).
265,2,+50% 动力重载 的成功范围 (200%).
266,0,动力重载 成功时下一段子弹造成的伤害增加 +25% 伤害 (125%).
266,1,+25% 动力重载 成功伤害 (150%).
266,2,+50% 动力重载 成功伤害 (200%).
267,0,投掷 3 个陷阱使敌人眩晕 2 秒 (7s 冷却).
267,1,+1 陷阱 (4).
267,2,+1 陷阱 (5).
268,0,+10% 装弹时移动速度. 动力重载成功时 +20% 移动速度持续 0.7s.
268,1,+10% 装弹/动力重载成功时 移动速度(+20%/+30%).
268,2,+10% 装弹/动力重载成功时 移动速度(+30%/+40%).
269,0,击出 1 个白球造成 100 伤害. (3.5s 冷却).
269,1,+25% 大小 (125%).
269,2,-0.25s 冷却 (3.25s).
269,3,+50 伤害 (150).
269,4,+25% 大小 (150%).
269,5,-0.25s 冷却 (3s).
269,6,+50 伤害 (200).
270,0,发射 3 个台球造成 100 伤害. (8s 冷却)
270,1,+3 个台球 (6).
270,2,+3 个台球 (9).
271,0,球使周围的敌人受到的伤害增加 10% (40%).
271,1,+20% 伤害 (60%).
271,2,+20% 伤害 (80%).
272,0,+25 攻击力.
272,1,+25 攻击力 (+50).
272,2,+25 攻击力 (+75).
273,0,+1 白球 (2).
273,1,+1 白球 (3).
273,2,+1 白球 (4).
274,0,切你面前造成 100 伤害. (2s 冷却).
274,1,+50 伤害 (150).
274,2,+1 切片次数 (2).
274,3,-0.25s 冷却 (1.75s).
274,4,+50 伤害 (200).
274,5,+1 切片次数 (3).
274,6,-0.25s 冷却 (1.5s).
275,0,多次切割周围区域 切割结束后每次切割造成 50 伤害 (10s 冷却).
275,1,+50 每次伤害, -1s 冷却 (100/9s).
275,2,+100 每次伤害, -1s 冷却 (200/8s).
276,0,+5% 移动速度 和 +5 防御.
276,1,+5% 移动速度 和 +5 防御 (+10%/+10).
276,2,+5% 移动速度 和 +5 防御 (+15%/+15).
277,0,被击中时创造一个持续恢复 30 HP 的区域持续 4s (10s 冷却).
277,1,+5 恢复的生命 (35).
277,2,+5 恢复的生命 (40).
278,0,右键/触发时向光标方向跳跃并闪避伤害 (2s 冷却).
278,1,-0.5s 冷却 (1.5s 冷却).
278,2,-0.5s 冷却 (1s 冷却).
279,0,向你周围 8 个方向发射苦无造成 100 伤害. (8s 冷却).
279,1,+100 伤害 (200).
279,2,-1s 冷却 (7s).
279,3,+1 苦无 (2).
279,4,+100 伤害 (300).
279,5,-1s 冷却 (6s).
279,6,+1 苦无 (3).
280,0,发射一个保龄球造成 100 伤害并生成 4 个可被击倒的保龄球瓶 (4s 冷却).
280,1,-0.5s 冷却 (3.5s).
280,2,+100 伤害 (200).
280,3,+2 保龄球瓶 (6).
280,4,-0.5s 冷却 (3s).
280,5,+100 伤害 (300).
280,6,+2 保龄球瓶 (8).
281,0,每 1% 子弹大小 增加 +1% 伤害 (最大 50%).
281,1,+1% 伤害 (+2%).
281,2,+1% 伤害 (+3%).
281,3,+1% 伤害 (+4%).
281,4,+1% 伤害 (+5%).
282,0,最大生命值超过 1000 时 每超过 100 增加 +1% 移动速度 (最大 50%).
282,1,+1% 移动速度 (+2%).
282,2,+1% 移动速度 (+3%).
282,3,+1% 移动速度 (+4%).
282,4,+1% 移动速度 (+5%).
283,0,每 1% 移动速度 增加 +1% 伤害 (最大 50%).
283,1,+1% 伤害 (+2%).
283,2,+1% 伤害 (+3%).
283,3,+1% 伤害 (+4%).
283,4,+1% 伤害 (+5%).
284,0,将 防御力 的 10% 增加到 攻击力 上.
284,1,将 防御力 的 20% 增加到 攻击力 上.
284,2,将 防御力 的 30% 增加到 攻击力 上.
284,3,将 防御力 的 40% 增加到 攻击力 上.
284,4,将 防御力 的 50% 增加到 攻击力 上.
285,0,每 1 防御力 增加 +1% 攻击速度 (最大 10%).
285,1,+10% 从 防御力 获取的 最大 攻击速度 (20%).
285,2,+10% 从 防御力 获取的 最大 攻击速度 (30%).
285,3,+10% 从 防御力 获取的 最大 攻击速度 (40%).
285,4,+10% 从 防御力 获取的 最大 攻击速度 (50%).
286,0,抛射 5 纸飞机 造成 100 伤害 (8s 冷却).
286,1,+100 伤害 (200).
286,2,-1s 冷却 (7s).
286,3,+2 纸飞机 (7).
286,4,+200 伤害 (400).
286,5,-1s 冷却 (6s).
286,6,+2 纸飞机 (9).
287,0,发射 3 魔爆 造成 100 伤害 并分裂 8 小球 造成 50% 伤害 (8s 冷却).
287,1,+100 伤害 (200).
287,2,-1s 冷却 (7s).
287,3,+1 魔爆 (4).
287,4,+100 伤害 (300).
287,5,-1s 冷却 (6s).
287,6,+1 魔爆 (5).
289,0,投掷 3 外卖盒 在 2s 后爆炸造成 100 伤害 并掉落 1-2 炸鸡 (吃 5 炸鸡 治疗 2% 最大 HP) (2.5s 冷却).
289,1,+100 伤害 (200).
289,2,+1 外卖盒 (4).
289,3,-0.5s 爆炸延迟 (1.5s).
289,4,+100 伤害 (300).
289,5,+1 外卖盒 (5).
289,6,-0.5s 爆炸延迟 (1s).
290,0,吃 5 炸鸡 打ge造成等同 'Chicken - 炸鸡' 的伤害.
290,1,+25% 打ge范围 并 -1 炸鸡要求 (125%/4).
290,2,+25% 打ge范围 并 -1 炸鸡要求 (150%/3).
291,0,+1% 治疗 从吃炸鸡 (3% 最大 HP).
291,1,+1% 治疗 从吃炸鸡 (4% 最大 HP).
291,2,+1% 治疗 从吃炸鸡 (5% 最大 HP).
292,0,右键/触发 获得 护盾 并短暂增加 移动速度 (12s 冷却).
292,1,+1 最大次数 (2).
292,2,+1 最大次数 (3).
293,0,生成 Yuki 收集 炸鸡 和 经验 (16px).
293,1,+25% Yuki 移动速度 (125%).
293,2,+25% Yuki 移动速度 (150%).
294,0,投掷 一个 棒球 对一个区域 造成 100 伤害 并转变成 飞行球. 当你捡起 飞球时 -0.2s 冷却. (3s 冷却).
294,1,+100 伤害 (200).
294,2,+25% 大小 (125%).
294,3,-0.5s 冷却 (2.5s).
294,4,+100 伤害 (300).
294,5,+25% 大小 (150%).
294,6,-0.5s 冷却 (2s).
295,0,捡起 飞行球 后 下一次 棒球 会有更大的 范围 并造成 150% 伤害 .
295,1,+25% 伤害 (175%).
295,2,+25% 伤害 (200%).
296,0,棒球: +1 飞行球 (2).
296,1,棒球: +1 飞行球 (3).
296,2,棒球: +1 飞行球 (4).
297,0,移动速度 加成 转变为 攻击速度.
297,1,+50% 效果 (150%).
297,2,+50% 效果 (200%).
298,0,右键/触发 落地的 飞行球 时 滑行至 飞行球 位置 并对沿途敌人 造成 25% 棒球 伤害 (2s 冷却).
298,1,+25% 伤害#-0.5s 冷却 (50%/1.5s).
298,2,+25% 伤害#-0.5s 冷却 (75%/1s).
299,0,+20% 治疗 从 所有来源 (+20%).
299,1,+20% 治疗 从 所有来源 (+40%).
299,2,+20% 治疗 从 所有来源 (+60%).
299,3,+20% 治疗 从 所有来源 (+80%).
299,4,+20% 治疗 从 所有来源 (+100%).
300,0,暴击几率 和 暴击伤害 加成 效果增加 10%.
300,1,暴击几率 和 暴击伤害 加成 效果增加 10% (+20%).
300,2,暴击几率 和 暴击伤害 加成 效果增加 10% (+30%).
300,3,暴击几率 和 暴击伤害 加成 效果增加 10% (+40%).
300,4,暴击几率 和 暴击伤害 加成 效果增加 10% (+50%).
301,0,子弹大小 加成 效果增加 10% (+10%).
301,1,子弹大小 加成 效果增加 10% (+20%).
301,2,子弹大小 加成 效果增加 10% (+30%).
301,3,子弹大小 加成 效果增加 10% (+40%).
301,4,子弹大小 加成 效果增加 10% (+50%).
302,0,每次 暴击 叠加 1层. 叠加到 30层 时 武器的 冷却 减少 2%.
302,1,+2% 减少的 冷却 (+4%).
302,2,+2% 减少的 冷却 (+6%).
302,3,+2% 减少的 冷却 (+8%).
302,4,+2% 减少的 冷却 (+10%).
303,0,每次 暴击 叠加 1层. 充能 10层 时 下次 暴击 额外造成 100% 伤害.
303,1,+50% 额外造成 的 伤害 (+150%).
303,2,+50% 额外造成 的 伤害 (+200%).
303,3,+50% 额外造成 的 伤害 (+250%).
303,4,+50% 额外造成 的 伤害 (+300%).
304,0,受到伤害时 对附近的敌人 造成 最大HP 10% 的伤害.
304,1,+10% 造成 的 伤害 (20%).
304,2,+10% 造成 的 伤害 (30%).
304,3,+10% 造成 的 伤害 (40%).
304,4,+10% 造成 的 伤害 (50%).
305,0,发射 1颗 子弹 造成 100 伤害. (3s 冷却).
305,1,+10% Pistol 暴击几率 (+10%).
305,2,+50 伤害 (150).
305,3,-0.5s 冷却 (2.5s).
305,4,+10% Pistol 暴击几率 (+20%).
305,5,+50 伤害 (200).
305,6,-0.5s 冷却 (2s).
306,0,获得 1层 放低姿态. 每层 +3% 暴击几率 和 暴击伤害.但受到攻击时 失去 4层 (最大 10). (12s 冷却).
306,1,+5 最大层数 (最大 15).
306,2,+5 最大层数 (最大 20).
307,0,发射脉冲标记.所有针对目标的攻击 +10% 暴击几率. (15s 冷却).
307,1,对目标 +5% 暴击几率 (+15%).
307,2,对目标 +5% 暴击几率 (+20%).
308,0,右键/触发时 发射脉冲 使敌人减速 且 给予 友方 1s 移动速度加成 和 3s 无敌 (30s 冷却).
308,1,-5s 冷却 (25s 冷却).
308,2,-5s 冷却 (20s 冷却).
309,0,召唤 一个 无人机 治疗 50 HP (30s 冷却).
309,1,+50 治疗量 (100).
309,2,+50 治疗量 (150).
310,0,+10% 伤害 但 每秒 失去 5 HP.
310,1,+10% 伤害 (20%).
310,2,+10% 伤害 (30%).
310,3,+10% 伤害 (40%).
310,4,+10% 伤害 (50%).
311,0,当你受到伤害时 武器的冷却 减少 2%.
311,1,+2% 减少的 冷却 (4%).
311,2,+2% 减少的 冷却 (6%).
311,3,+2% 减少的 冷却 (8%).
311,4,+2% 减少的 冷却 (10%).
312,0,获得 1层.每层 增加 1% 子弹大小. 受到攻击时失去所有层数. (最大 10) (6s 冷却).
312,1,+1% 子弹大小 每层 (2%).
312,2,+1% 子弹大小 每层 (3%).
312,3,+1% 子弹大小 每层 (4%).
312,4,+1% 子弹大小 每层 (5%).
313,0,每增加 5% 子弹大小 获得 +1% 攻速 (最大 10%).
313,1,+5% 最大 攻速 加成 (15%).
313,2,+5% 最大 攻速 加成 (20%).
313,3,+5% 最大 攻速 加成 (25%).
313,4,+5% 最大 攻速 加成 (30%).
